{
  "total_length_um": [
    1657.421919220061,
    2083.5944354858852,
    751.4936241252667,
    2972.410178675378,
    3399.02575537088,
    1536.0130385081384,
    2154.7820366657625,
    2879.106868736868,
    1594.4004905411957,
    1252.99125166173
  ],
  "num_segments": [
    304,
    301,
    131,
    483,
    514,
    232,
    342,
    426,
    276,
    250
  ],
  "mean_segment_length_um": [
    5.452045786908095,
    6.922240649454769,
    5.736592550574555,
    6.154058340942812,
    6.612890574651517,
    6.6207458556385275,
    6.300532270952522,
    6.758466828020817,
    5.776813371526072,
    5.01196500664692
  ],
  "std_segment_length_um": [
    2.1124639612112426,
    2.824945723196492,
    2.2670052662534617,
    2.3225367745032752,
    2.776818063208346,
    2.759381197563211,
    2.366235884552669,
    3.136583916719513,
    2.171042252152717,
    2.0383599331361455
  ],
  "n_bifurcations": [
    14,
    15,
    9,
    24,
    26,
    15,
    17,
    25,
    18,
    13
  ],
  "n_tips": [
    23,
    27,
    15,
    31,
    38,
    23,
    25,
    32,
    27,
    19
  ],
  "max_tree_depth": [
    40,
    26,
    20,
    50,
    38,
    30,
    29,
    39,
    37,
    40
  ],
  "sholl_peak": [
    15,
    18,
    10,
    24,
    26,
    14,
    17,
    20,
    15,
    12
  ],
  "sholl_peak_radius_um": [
    60.0,
    35.0,
    25.0,
    65.0,
    65.0,
    50.0,
    50.0,
    45.0,
    25.0,
    65.0
  ],
  "sholl_auc": [
    1430.0,
    1760.0,
    610.0,
    2325.0,
    2725.0,
    1240.0,
    1765.0,
    2370.0,
    1220.0,
    1030.0
  ],
  "max_radial_extent_um": [
    227.01079886208058,
    193.36438787946452,
    95.90663220028112,
    216.6348365593842,
    273.87943679655837,
    221.24311185762247,
    200.88497056773562,
    217.83912078514373,
    162.80142566943326,
    182.99919201400255
  ],
  "bif_per_100um": [
    0.8446853415929259,
    0.7199097744039649,
    1.197614951221434,
    0.8074255757896556,
    0.7649250659226925,
    0.9765542104101432,
    0.7889429051629384,
    0.8683248361311467,
    1.1289509823149997,
    1.0375172199134883
  ],
  "tips_per_100um": [
    1.3876973469026639,
    1.2958375939271367,
    1.9960249187023902,
    1.0429247020616383,
    1.1179674040408583,
    1.4973831226288863,
    1.16021015465138,
    1.111455790247868,
    1.6934264734724993,
    1.5163713214120211
  ]
}